#{"t_start": 1648476916.1027277, "env_id": "CarRacing-v0"}
r,l,t
-59.409594,1000,2.922036
-67.857143,1000,5.16904
-65.408805,1000,7.924883
-60.655738,1000,10.380168
-63.636364,1000,12.988999
-61.538462,1000,15.784999
-66.101695,1000,18.332999
-65.753425,1000,20.924999
-61.538462,1000,23.649054
-62.585034,1000,26.943134
-59.558824,1000,31.201167
-66.442953,1000,34.005256
-66.666667,1000,37.022699
-71.061093,1000,39.962757
-72.560976,1000,43.15311
-73.509934,1000,45.973986
-63.636364,1000,48.932936
-61.089494,1000,51.716653
-65.753425,1000,54.527542
-74.063401,1000,57.561084
-72.477064,1000,60.471872
-64.401294,1000,63.784045
-67.105263,1000,66.979249
-58.041958,1000,69.705697
-63.815789,1000,72.535428
-60.0,1000,75.166443
-67.532468,1000,78.050504
-59.259259,1000,80.654505
-59.107807,1000,83.79057
-63.636364,1000,86.771625
-69.491525,1000,90.306334
-62.199313,1000,93.636599
-59.854015,1000,96.8106
-72.508591,1000,99.54712
-65.034965,1000,102.699173
-60.0,1000,106.068275
-59.839357,1000,109.78892
-64.516129,1000,113.57892
-62.585034,1000,116.717981
-65.714286,1000,119.700975
-67.845659,1000,122.340976
-66.887417,1000,125.135485
-64.664311,1000,127.663486
-62.711864,1000,130.27849
-60.13289,1000,133.348488
-60.39604,1000,136.999486
-66.216216,1000,140.296502
-59.183673,1000,143.835522
-61.267606,1000,146.784522
-59.409594,1000,151.04082
-60.31746,1000,157.774822
-60.714286,1000,163.447821
-74.074074,1000,169.15982
-75.15528,1000,174.91482
-82.758621,1000,180.592846
-83.766234,1000,186.537846
-54.063604,1000,192.257364
-57.51634,1000,198.168363
-81.549815,1000,204.276364
-77.678571,1000,210.265363
-82.876712,1000,216.791367
-80.066445,1000,223.048405
-38.110749,1000,229.36992
-57.295374,1000,235.576921
-43.820225,1000,242.020433
-62.457338,1000,248.254956
-69.798658,1000,254.570957
-26.174497,1000,261.210473
-51.327434,1000,267.345989
-59.70696,1000,273.648992
-82.45614,1000,279.98599
-78.947368,1000,286.444518
-70.684039,1000,293.024032
-83.221477,1000,299.532544
-63.369963,1000,307.049545
-85.239852,1000,313.39807
-83.552632,1000,322.082071
-81.273408,1000,329.895068
-63.380282,1000,336.786588
-51.515152,1000,343.407131
-64.60177,1000,350.320131
-76.821192,1000,357.317653
-52.542373,1000,364.156166
10.367893,1000,371.084683
-82.698962,1000,378.499197
-71.962617,1000,385.567196
-17.910448,1000,392.499197
-22.807018,1000,399.55171
-30.81761,1000,406.72471
-41.979522,1000,413.723708
-0.355872,1000,420.622231
-84.520124,1000,427.82223
-9.937888,1000,434.839232
-26.282051,1000,441.908231
-29.71246,1000,448.90323
-13.49481,1000,456.15723
-51.140065,1000,464.156231
31.487889,1000,471.654231
7.913669,1000,478.58623
-23.611111,1000,485.633231
-26.910299,1000,492.871307
70.289855,1000,499.729309
-21.875,1000,507.064307
-15.857605,1000,514.083309
-35.294118,1000,521.395307
-17.355372,1000,528.306308
-28.338762,1000,535.494307
21.212121,1000,542.752307
-25.423729,1000,549.843309
24.161074,1000,557.027308
-31.654676,1000,564.086305
-25.531915,1000,571.153307
-10.596026,1000,578.593824
40.522876,1000,585.755823
-101.732558,716,590.911823
67.22408,1000,598.010824
-28.571429,1000,605.278823
-45.337621,1000,612.496822
-16.0,1000,619.419824
-23.611111,1000,626.399824
-25.423729,1000,633.643823
-11.290323,1000,640.494823
-6.25,1000,647.637825
-22.558923,1000,654.702823
-18.215613,1000,661.717826
-26.573427,1000,668.716822
-36.102236,1000,675.908824
-28.104575,1000,682.954823
-47.565543,1000,690.019834
-7.534247,1000,697.219824
-110.244304,768,702.666823
3.448276,1000,710.413348
-24.050633,1000,717.735352
-24.460432,1000,724.615935
32.867133,1000,731.592933
2.649007,1000,738.821932
-22.535211,1000,745.902935
-27.868852,1000,753.155935
-10.652921,1000,760.302933
5.263158,1000,767.447934
-29.487179,1000,774.702937
-28.977273,1000,782.081935
-29.032258,1000,789.180932
-30.81761,1000,796.31395
-2.439024,1000,803.516933
-16.932907,1000,810.703933
-34.375,1000,818.050933
-12.350598,1000,825.043932
-30.599369,1000,832.434935
-24.460432,1000,839.323931
-18.287938,1000,846.341932
-29.012346,1000,853.482934
-25.423729,1000,860.684933
-30.921053,1000,867.865934
-20.454545,1000,874.903932
-50.0,1000,881.899934
-24.460432,1000,889.079934
-10.596026,1000,896.353933
24.590164,1000,903.646932
-20.289855,1000,910.535932
-4.761905,1000,917.923933
-27.868852,1000,924.931932
-20.863309,1000,931.914932
-17.602996,1000,938.958932
-18.215613,1000,945.873933
-36.936937,1000,953.104933
-25.675676,1000,960.066932
-25.423729,1000,967.083934
-27.586207,1000,974.260933
28.90625,1000,981.152932
-13.194444,1000,988.309934
-26.910299,1000,995.283935
-18.831169,1000,1003.557933
-35.810811,1000,1011.01895
-28.571429,1000,1018.046936
-1.360544,1000,1027.624883
-24.460432,1000,1035.456882
-34.169279,1000,1042.478881
-21.311475,1000,1050.855882
-22.535211,1000,1061.699883
36.507937,1000,1070.187882
-18.819188,1000,1078.017883
-12.891986,1000,1085.871884
-23.076923,1000,1094.811923
-15.057915,1000,1102.787922
-43.521595,1000,1110.217922
-65.517241,1000,1117.970923
-32.515337,1000,1125.583922
-31.343284,1000,1132.747923
-27.152318,1000,1140.745921
0.694444,1000,1148.747922
-26.910299,1000,1156.589924
-34.782609,1000,1164.288923
-67.63754,1000,1172.311922
61.716172,1000,1180.025922
-22.779923,1000,1187.744922
-59.627329,1000,1195.209941
-37.28223,1000,1202.229923
-27.631579,1000,1209.636922
-72.560976,1000,1216.964924
-21.708185,1000,1224.116922
-30.930931,1000,1231.336445
-18.088737,1000,1238.933471
-25.675676,1000,1247.354473
-26.829268,1000,1254.551474
-50.292398,1000,1261.942474
-77.777778,1000,1269.771052
-14.473684,1000,1276.852564
43.356643,1000,1283.975589
-47.712418,1000,1291.466589
-26.174497,1000,1299.503106
7.255521,1000,1307.001615
-14.473684,1000,1314.455616
38.059701,1000,1321.920129
-26.910299,1000,1328.930652
-34.579439,1000,1336.003653
-14.893617,1000,1343.67069
-23.076923,1000,1352.497211
-9.465021,1000,1359.910742
-16.666667,1000,1367.670252
25.0,1000,1375.336249
-23.076923,1000,1383.953773
35.036496,1000,1391.78877
-79.522184,1000,1399.076286
30.434783,1000,1406.124286
-60.784314,1000,1413.117287
-42.95302,1000,1420.459803
-16.967509,1000,1428.792362
-14.396887,1000,1436.390358
-26.517572,1000,1443.941386
-24.657534,1000,1451.258909
15.625,1000,1459.28697
-18.518519,1000,1467.218012
-27.899687,1000,1474.458012
114.788732,1000,1481.726012
110.169492,1000,1489.58212
8.196721,1000,1496.775117
-13.49481,1000,1504.259635
-33.121019,1000,1512.000635
-87.341772,1000,1519.922635
-17.197452,1000,1527.271634
-32.098765,1000,1535.009637
85.873606,1000,1542.226635
-56.521739,1000,1549.360151
-48.275862,1000,1557.297672
-69.96997,1000,1565.204671
49.019608,1000,1572.548671
-56.709957,1000,1579.882671
-29.292929,1000,1587.13567
27.737226,1000,1594.345673
32.911392,1000,1601.562193
-7.142857,1000,1609.852219
-73.509934,1000,1616.901218
-14.772727,1000,1624.344221
153.424658,1000,1632.281222
-21.501706,1000,1641.06122
35.036496,1000,1648.873705
-9.385113,1000,1658.014787
14.391144,1000,1666.070791
108.333333,1000,1673.659786
-18.75,1000,1681.142786
-32.038835,1000,1688.54479
-7.534247,1000,1698.433308
27.035831,1000,1706.019827
-64.664311,1000,1713.725827
-8.474576,1000,1721.369825
30.434783,1000,1729.797826
3.174603,1000,1738.806828
107.017544,1000,1746.609347
-42.760943,1000,1754.432346
2.739726,1000,1761.602349
6.719368,1000,1770.339345
45.32872,1000,1779.776345
-6.896552,1000,1787.232346
-49.640288,1000,1794.618344
8.695652,1000,1802.279344
-31.034483,1000,1809.702345
-57.295374,1000,1817.174346
-61.130742,1000,1824.038345
53.846154,1000,1831.065345
-12.280702,1000,1837.875346
-11.428571,1000,1845.343347
55.378486,1000,1852.384875
41.414141,1000,1859.832874
-12.052117,1000,1867.407395
45.400593,1000,1877.04039
12.0,1000,1884.800387
17.46988,1000,1891.757388
-15.441176,1000,1898.562391
-3.225806,1000,1907.07939
-12.162162,1000,1916.871391
-48.717949,1000,1925.707393
-67.532468,1000,1935.421389
83.520599,1000,1942.570389
-25.566343,1000,1949.582388
-49.367089,1000,1957.321388
554.275093,1000,1964.373388
23.674912,1000,1971.314386
14.285714,1000,1978.584388
-23.076923,1000,1985.97239
-26.829268,1000,1993.160388
11.486486,1000,2000.391388
-24.76489,1000,2007.74739
-24.731183,1000,2014.851387
149.070632,1000,2021.893389
-46.031746,1000,2029.05839
113.793103,1000,2036.366388
-25.566343,1000,2043.467387
-16.666667,1000,2050.76239
89.189189,1000,2057.739389
-8.730159,1000,2064.979389
-45.16129,1000,2072.008389
109.558824,1000,2079.061387
-45.255474,1000,2086.463389
-17.981073,1000,2096.795905
-26.517572,1000,2104.594906
-43.143813,1000,2112.244905
135.074627,1000,2120.158905
-0.321543,1000,2127.909906
-44.827586,1000,2135.893905
110.714286,1000,2143.600908
-38.461538,1000,2150.835905
-70.909091,1000,2158.140944
-18.727915,1000,2166.066944
24.293785,1000,2173.549997
-22.330097,1000,2183.630998
-4.761905,1000,2193.542996
-63.768116,1000,2201.229998
-29.411765,1000,2209.445996
-13.194444,1000,2216.840996
13.72549,1000,2224.129998
-16.923077,1000,2232.17452
11.864407,1000,2240.01452
-63.815789,1000,2247.500518
-30.232558,1000,2254.559519
-54.545455,1000,2262.150519
55.555556,1000,2269.622519
-48.979592,1000,2277.18352
-36.241611,1000,2284.71904
95.945946,1000,2292.339043
-40.298507,1000,2299.929041
-4.411765,1000,2307.533555
18.055556,1000,2315.211558
48.387097,1000,2322.870556
15.107914,1000,2330.664641
18.644068,1000,2338.265255
0.694444,1000,2346.02177
13.333333,1000,2353.726308
173.684211,1000,2361.680308
52.317881,1000,2369.063308
209.859155,1000,2376.710309
-17.460317,1000,2384.118308
11.524164,1000,2391.523309
14.114114,1000,2398.929308
48.867314,1000,2407.503308
61.048689,1000,2415.06331
33.828996,1000,2422.424639
78.571429,1000,2429.759636
24.513619,1000,2437.220636
-68.75,1000,2444.654635
94.719472,1000,2452.359637
101.520913,1000,2459.988634
-54.385965,1000,2467.754636
76.258993,1000,2475.389639
93.91635,1000,2482.945652
12.627986,1000,2490.533654
-8.424908,1000,2498.181652
23.167155,1000,2506.361654
-19.732441,1000,2514.590655
66.037736,1000,2522.794653
92.982456,1000,2530.425195
-33.085502,1000,2537.948703
15.89404,1000,2545.799758
5.084746,1000,2553.590757
37.40458,1000,2561.339767
3.67893,1000,2568.905756
-5.511811,1000,2576.569755
0.323625,1000,2584.234266
-41.580756,1000,2592.031267
248.314607,1000,2599.725288
5.263158,1000,2607.719289
27.340824,1000,2615.399068
66.112957,1000,2623.365065
6.109325,1000,2631.347066
-22.330097,1000,2639.182064
-4.580153,1000,2646.929064
17.870722,1000,2654.228064
-40.140845,1000,2662.422064
16.838488,1000,2670.111065
-21.052632,1000,2678.128068
-47.019868,1000,2686.96012
8.761329,1000,2695.560117
9.717868,1000,2703.136119
129.559748,1000,2710.464175
19.402985,1000,2717.593155
-55.696203,1000,2724.824156
-52.542373,1000,2732.071157
72.161172,1000,2739.093153
11.47541,1000,2746.320155
204.794521,1000,2753.364156
38.408304,1000,2760.428157
25.85034,1000,2767.670665
-6.25,1000,2775.564667
242.629482,1000,2782.508664
-11.671924,1000,2789.554666
-3.703704,1000,2796.420671
32.867133,1000,2803.143666
-13.907285,1000,2810.128666
137.588652,1000,2817.152665
32.0,1000,2824.002666
-8.783784,1000,2831.175697
40.350877,1000,2838.212216
-8.794788,1000,2845.450728
74.904943,1000,2852.52773
15.254237,1000,2860.23473
-31.407942,1000,2868.100731
59.322034,1000,2875.10673
20.754717,1000,2881.950733
52.0,1000,2888.608729
10.367893,1000,2896.844729
-7.749077,1000,2903.946277
-44.444444,1000,2911.016276
238.461538,1000,2918.124274
58.671587,1000,2925.176275
67.272727,1000,2932.368798
35.135135,1000,2939.392798
-30.795848,1000,2946.6998
155.319149,1000,2953.794797
-44.029851,1000,2961.072798
-1.408451,1000,2968.139797
-14.012739,1000,2975.291799
14.173228,1000,2982.262798
111.409396,1000,2989.368796
76.829268,1000,2996.717798
2.941176,1000,3003.862796
-52.554745,1000,3011.058798
78.694158,1000,3018.273797
154.416961,1000,3025.376798
-32.58427,1000,3032.642797
-69.111969,1000,3039.581797
58.385093,1000,3046.972799
7.491857,1000,3054.050797
-57.597173,1000,3061.140797
131.316726,1000,3068.209797
-57.51634,1000,3075.272796
-40.350877,1000,3082.397344
-38.628159,1000,3089.405344
-25.081433,1000,3096.583344
-49.84326,1000,3103.738346
-30.15873,1000,3110.960867
137.942122,1000,3118.070889
-59.322034,1000,3125.09789
-11.864407,1000,3132.307441
-46.308725,1000,3139.545438
-40.251572,1000,3146.827981
7.954545,1000,3154.044979
-5.511811,1000,3161.069513
-64.516129,1000,3168.15403
220.143885,1000,3175.205029
40.562249,1000,3182.49703
79.738562,1000,3189.63403
-58.041958,1000,3196.778544
62.790698,1000,3204.002245
22.033898,1000,3211.284246
119.594595,1000,3218.381247
15.671642,1000,3225.324245
11.486486,1000,3232.61576
20.274914,1000,3239.695761
-35.185185,1000,3247.012761
15.384615,1000,3253.935761
-69.798658,1000,3261.279761
-4.918033,1000,3268.31276
-21.787709,1000,3275.609761
212.714777,1000,3282.741761
19.298246,1000,3289.741793
302.135231,1000,3296.908349
-4.38247,1000,3303.706373
131.012658,1000,3312.023893
41.689373,1000,3320.574898
-4.59364,1000,3329.202417
7.142857,1000,3337.175459
73.285199,1000,3344.103459
-14.814815,1000,3350.991493
190.540541,1000,3358.087526
24.497992,1000,3365.114528
3.585657,1000,3372.161524
2.310231,1000,3379.146038
-44.262295,1000,3386.247568
-57.264957,1000,3393.228084
-27.899687,1000,3400.496599
27.329193,1000,3407.8776
-0.70922,1000,3414.857113
-20.265781,1000,3422.269112
12.676056,1000,3429.313111
-7.348243,1000,3436.53711
-37.037037,1000,3443.568113
-6.354515,1000,3450.69011
14.814815,1000,3459.090111
-74.522293,1000,3467.258113
-12.698413,1000,3474.47811
5.839416,1000,3481.522111
49.812734,1000,3488.420113
-24.81203,1000,3495.631111
118.130312,1000,3502.871113
219.148936,1000,3509.675111
-7.051282,1000,3516.94511
-43.143813,1000,3523.984112
22.866894,1000,3530.692112
-23.780488,1000,3537.707114
-24.342105,1000,3544.680112
-38.311688,1000,3551.868114
137.113402,1000,3558.943111
-14.590747,1000,3566.091112
5.263158,1000,3573.280623
25.899281,1000,3580.425196
18.466899,1000,3587.5722
150.0,1000,3594.675196
-68.553459,1000,3601.871218
35.384615,1000,3609.091217
-16.058394,1000,3615.973215
-62.025316,1000,3623.257784
93.30855,1000,3630.212784
-71.119134,1000,3637.289786
-8.81459,1000,3644.470304
146.987952,1000,3651.799306
50.641026,1000,3658.737303
-60.431655,1000,3666.209337
-0.343643,1000,3673.298373
-68.858131,1000,3680.311369
4.166667,1000,3687.492372
135.109718,1000,3694.542887
-55.271565,1000,3701.690925
2.803738,1000,3708.811924
8.614232,1000,3715.781924
7.407407,1000,3722.82944
-51.388889,1000,3729.766961
-16.38796,1000,3736.885003
-3.030303,1000,3743.974
-57.746479,1000,3750.932573
-22.178988,1000,3757.984108
350.171821,1000,3764.996104
15.079365,1000,3771.863107
190.322581,1000,3778.914151
-1.840491,1000,3786.034148
-8.783784,1000,3793.085153
27.272727,1000,3800.016666
5.633803,1000,3807.085665
-11.671924,1000,3814.317662
-42.567568,1000,3821.427188
-4.761905,1000,3828.608707
26.315789,1000,3835.723798
44.444444,1000,3842.844822
-1.023891,1000,3849.979818
17.056856,1000,3857.302332
12.903226,1000,3864.757329
27.208481,1000,3871.67533
-67.857143,1000,3878.76433
106.751055,1000,3885.661335
19.354839,1000,3892.71033
55.172414,1000,3899.55985
20.274914,1000,3906.914853
89.02439,1000,3914.585364
13.402062,1000,3922.195365
6.109325,1000,3929.159362
-57.142857,1000,3935.908368
147.457627,1000,3942.482921
0.746269,1000,3949.040445
28.676471,1000,3955.499587
3.448276,1000,3962.519588
5.660377,1000,3971.280103
-11.538462,1000,3978.677098
-32.432432,1000,3985.855615
77.121771,1000,3992.960616
-60.912052,1000,4000.141614
33.333333,1000,4007.191614
9.677419,1000,4014.343615
33.603239,1000,4021.281614
92.170819,1000,4028.305618
-56.6787,1000,4035.205614
-12.903226,1000,4043.438685
192.857143,1000,4051.349018
305.797101,1000,4060.261245
5.263158,1000,4068.689245
18.055556,1000,4075.697244
-37.728938,1000,4082.536774
-69.96997,1000,4089.455771
43.426295,1000,4096.190772
-83.870968,1000,4103.263773
20.915033,1000,4110.7518
-4.153355,1000,4117.923801
-7.063197,1000,4125.600511
5.802048,1000,4132.781514
-7.849829,1000,4139.88651
-36.842105,1000,4146.966512
26.984127,1000,4153.850511
22.44898,1000,4160.894511
-2.027027,1000,4168.108512
51.394422,1000,4175.038509
-5.956113,1000,4182.128513
-27.392739,1000,4189.437509
-76.109215,1000,4196.567516
25.925926,1000,4203.635512
-26.421405,1000,4210.803509
61.290323,1000,4218.094509
-28.571429,1000,4225.230509
-13.621262,1000,4232.34051
7.936508,1000,4239.59351
-5.844156,1000,4246.843033
-1.408451,1000,4253.976031
-1.360544,1000,4260.97303
106.081081,1000,4267.998034
2.739726,1000,4275.108551
-56.953642,1000,4282.136593
7.491857,1000,4289.32659
12.244898,1000,4296.373107
200.395257,1000,4303.35463
-72.60274,1000,4310.491627
-13.49481,1000,4317.396631
13.207547,1000,4324.478628
13.793103,1000,4332.036627
308.730159,1000,4339.147627
14.285714,1000,4346.275627
36.71875,1000,4353.210627
130.031949,1000,4360.329626
-55.223881,1000,4367.249629
-60.39604,1000,4374.454146
313.919414,1000,4381.517152
-10.216718,1000,4388.648147
-77.272727,1000,4395.706148
-58.90411,1000,4402.807149
61.172161,1000,4409.781147
13.793103,1000,4416.73915
14.982578,1000,4423.917148
19.565217,1000,4430.899149
56.950673,1000,4437.674151
-4.615385,1000,4444.851146
27.090301,1000,4451.931675
-44.649446,1000,4459.121191
110.31746,1000,4466.007193
149.158249,1000,4473.065193
-9.385113,1000,4480.21267
17.449664,1000,4487.343671
43.382353,1000,4494.526669
-64.539007,1000,4501.580671
63.265306,1000,4508.786668
56.146179,1000,4515.919699
4.026846,1000,4523.153702
5.43131,1000,4530.345699
-32.885906,1000,4537.260701
-13.18328,1000,4544.479701
0.0,1000,4551.492222
-15.309446,1000,4558.457222
-10.769231,1000,4565.66022
-76.430976,1000,4572.639222
-10.828025,1000,4579.98522
117.532468,1000,4587.147222
-13.173653,1000,4594.486218
-8.805031,1000,4601.741222
135.507246,1000,4608.88022
-0.70922,1000,4615.880221
16.438356,1000,4622.838223
4.247104,1000,4629.746222
-10.662824,1000,4636.90522
97.368421,1000,4643.95422
137.288136,1000,4650.914221
-22.535211,1000,4658.563222
44.171779,1000,4666.050341
98.653199,1000,4673.078342
-66.767372,1000,4680.068341
24.528302,1000,4686.662345
-53.068592,1000,4693.284341
14.906832,1000,4700.25734
11.821086,1000,4707.381342
3.333333,1000,4714.517341
29.151292,1000,4721.53186
30.28169,1000,4728.526859
38.686131,1000,4735.676377
13.564669,1000,4742.853894
-9.090909,1000,4749.985511
-21.568627,1000,4757.064516
-4.109589,1000,4764.181512
-4.761905,1000,4771.281511
0.864553,1000,4778.538515
51.724138,1000,4785.741517
2.189781,1000,4792.690516
178.571429,1000,4799.797024
-19.463087,1000,4806.803027
-4.43686,1000,4813.764025
2.473498,1000,4820.924546
170.175439,1000,4827.866548
10.294118,1000,4835.009548
110.884354,1000,4841.986062
13.879004,1000,4849.245142
-5.263158,1000,4856.197668
-41.908714,1000,4863.10667
199.6633,1000,4870.297666
5.263158,1000,4877.305669
206.273063,1000,4884.44867
22.112211,1000,4891.535667
141.37931,1000,4898.410669
-12.087912,1000,4905.403667
-12.751678,1000,4912.450669
7.936508,1000,4919.693667
-17.888563,1000,4926.88667
149.169435,1000,4933.951666
47.651007,1000,4941.111666
31.868132,1000,4948.089669
141.042345,1000,4955.436667
25.461255,1000,4962.637668
-10.652921,1000,4969.749667
6.227106,1000,4976.69467
-11.764706,1000,4983.860186
107.885305,1000,4990.842705
-38.931298,1000,4998.138707
27.090301,1000,5005.037705
-61.267606,1000,5011.590709
0.0,1000,5018.151708
156.944444,1000,5024.833704
-50.819672,1000,5031.497707
87.29097,1000,5038.08722
154.180602,1000,5044.846217
-14.893617,1000,5051.99422
-42.176871,1000,5059.498218
20.915033,1000,5066.767221
16.197183,1000,5073.902217
8.843537,1000,5081.113218
-16.058394,1000,5088.10422
45.985401,1000,5095.070217
34.099617,1000,5102.08622
77.083333,1000,5109.140218
-53.416149,1000,5116.415217
-38.983051,1000,5123.46222
265.325077,1000,5130.758218
0.775194,1000,5137.60022
-38.181818,1000,5144.544218
-10.891089,1000,5151.469219
251.351351,1000,5158.604217
-40.983607,1000,5165.948218
-45.848375,1000,5172.91922
148.175182,1000,5179.985219
31.386861,1000,5186.984219
5.590062,1000,5194.062218
-20.265781,1000,5201.404219
-53.846154,1000,5208.50122
-13.580247,1000,5215.521218
38.643068,1000,5222.74222
254.385965,1000,5229.854225
-5.30303,1000,5236.638228
-71.608833,1000,5243.618741
-55.223881,1000,5250.73726
89.189189,1000,5258.964766
51.515152,1000,5266.920767
-77.272727,1000,5274.096764
89.473684,1000,5281.130764
-44.272446,1000,5288.076768
108.469055,1000,5295.349764
-78.798587,1000,5302.146767
25.43554,1000,5308.886767
-10.569106,1000,5315.928906
58.914729,1000,5322.609907
-53.947368,1000,5329.418903
70.37037,1000,5336.312903
-44.827586,1000,5343.066908
-5.797101,1000,5350.090905
107.171315,1000,5356.974905
37.40458,1000,5363.753903
125.903614,1000,5371.113905
130.496454,1000,5378.081909
33.561644,1000,5385.330905
58.075601,1000,5392.328909
100.716846,1000,5399.395904
-5.882353,1000,5406.257905
-8.196721,1000,5413.338432
-85.239852,1000,5420.353431
199.625468,1000,5427.261431
154.966887,1000,5434.18643
19.521912,1000,5441.239428
188.194444,1000,5449.403431
32.258065,1000,5456.962431
4.026846,1000,5463.996429
168.041237,1000,5471.202429
-30.0,1000,5478.20843
229.545455,1000,5485.254428
-32.624113,1000,5492.381434
119.269103,1000,5499.295428
-52.238806,1000,5506.190428
-30.795848,1000,5512.87443
21.875,1000,5519.755432
5.263158,1000,5526.613432
38.613861,1000,5533.273433
19.565217,1000,5540.170428
197.029703,1000,5547.239431
-47.019868,1000,5554.304427
-46.540881,1000,5561.534428
67.808219,1000,5568.580434
-48.717949,1000,5575.832431
75.373134,1000,5582.831429
-66.329966,1000,5589.853428
-31.654676,1000,5596.893434
-42.528736,1000,5603.815427
-67.741935,1000,5610.944429
-2.027027,1000,5617.957431
232.167832,1000,5625.048428
242.960289,1000,5632.132434
90.114068,1000,5639.133431
40.625,1000,5646.39143
-64.480874,1000,5653.778983
-85.559567,1000,5661.144983
-30.921053,1000,5668.148986
-13.043478,1000,5675.266983
-0.684932,1000,5682.285986
18.705036,1000,5689.234504
-8.51735,1000,5696.601504
20.437956,1000,5703.651505
11.940299,1000,5710.726502
-8.309456,1000,5718.119504
11.842105,1000,5725.118502
-48.207171,1000,5732.009506
3.004292,1000,5738.762028
-15.824916,1000,5745.859027
-42.95302,1000,5752.826551
120.883534,1000,5759.651546
105.298013,1000,5766.777549
-15.540541,1000,5773.695546
52.48227,1000,5781.189547
34.42623,1000,5788.268548
-44.0,1000,5795.278547
-56.6787,1000,5802.133548
48.036254,1000,5809.172546
-7.894737,1000,5816.371547
58.576052,1000,5823.372549
22.923588,1000,5830.305517
1.045296,1000,5837.431516
30.990415,1000,5844.449515
-15.584416,1000,5851.660518
-50.155763,1000,5859.367515
-32.885906,1000,5867.233408
-48.051948,1000,5874.186415
76.056338,1000,5881.191415
111.309524,1000,5888.019416
40.350877,1000,5894.873415
-4.605263,1000,5902.162417
-50.757576,1000,5908.951418
84.210526,1000,5916.080416
144.147157,1000,5923.149417
-2.077151,1000,5930.27243
-41.176471,1000,5937.203418
-1.360544,1000,5944.248415
-17.322835,1000,5951.269415
-40.140845,1000,5958.440417
-46.564885,1000,5965.49325
-63.69637,1000,5972.465252
13.138686,1000,5979.47225
-47.735192,1000,5986.775254
97.324415,1000,5993.748251
-35.849057,1000,6000.752249
-12.727273,1000,6007.720255
-6.896552,1000,6014.616251
50.724638,1000,6021.942254
40.84507,1000,6028.847252
188.808664,1000,6035.79825
-25.795053,1000,6043.512252
47.058824,1000,6051.806251
-61.165049,1000,6058.671253
-4.411765,1000,6065.74325
-1.060071,1000,6072.684254
-20.863309,1000,6079.597251
-69.135802,1000,6086.874252
46.853147,1000,6093.805252
-49.832776,1000,6102.239251
-19.161677,1000,6111.619278
34.185304,1000,6120.004277
100.704225,1000,6127.247281
47.058824,1000,6134.112277
17.021277,1000,6142.273115
-46.107784,1000,6150.503113
20.689655,1000,6158.10463
-32.748538,1000,6164.903629
30.563798,1000,6171.822631
-38.016529,1000,6179.389628
-8.011869,1000,6186.941631
1.694915,1000,6194.502628
-43.75,1000,6202.51872
6.617647,1000,6211.303238
-41.176471,1000,6219.282234
29.92126,1000,6226.388236
-5.084746,1000,6233.387237
-53.703704,1000,6240.355237
-54.545455,1000,6247.150239
-42.965779,1000,6253.804234
-32.352941,1000,6261.419238
-38.931298,1000,6267.955237
-3.345725,1000,6274.780256
-55.882353,1000,6281.580234
-53.271028,1000,6288.692235
38.181818,1000,6295.603236
-15.625,1000,6302.784237
-42.760943,1000,6309.684235
-50.819672,1000,6317.137238
-17.491749,1000,6324.22726
-47.540984,1000,6331.467772
-29.487179,1000,6338.604773
-32.748538,1000,6345.863286
-53.020134,1000,6352.96429
-55.932203,1000,6359.760286
116.666667,1000,6366.943291
-46.488294,1000,6374.062286
-41.580756,1000,6381.277798
31.313131,1000,6388.481802
-20.634921,1000,6395.744357
-20.415225,1000,6402.880359
-37.956204,1000,6409.743357
7.638889,1000,6416.966208
150.737463,1000,6424.026206
-8.77193,1000,6431.141217
32.575758,1000,6438.127774
-25.423729,1000,6445.171281
104.778157,1000,6452.412304
0.358423,1000,6460.085301
87.279152,1000,6468.152304
37.380192,1000,6475.1963
-33.993399,1000,6482.458302
-34.482759,1000,6489.4763
-45.205479,1000,6496.575301
-46.236559,1000,6503.570303
-64.968153,1000,6510.6323
76.271186,1000,6517.600306
-42.965779,1000,6524.202299
-14.201183,1000,6531.281814
-14.826498,1000,6538.100847
28.301887,1000,6544.772845
-8.759124,1000,6551.468365
-6.148867,1000,6558.613366
-26.315789,1000,6565.557382
-27.927928,1000,6572.812367
42.361111,1000,6579.920364
-17.721519,1000,6587.300368
194.915254,1000,6594.248364
-52.681388,1000,6601.499124
-44.055944,1000,6608.540124
79.012346,1000,6615.899643
16.838488,1000,6622.919641
-16.967509,1000,6629.875638
-44.625407,1000,6637.084641
32.890365,1000,6644.185639
-58.955224,1000,6651.04264
-42.65233,1000,6658.01064
-17.525773,1000,6665.038641
-44.636678,1000,6672.131639
-42.857143,1000,6679.111639
-58.333333,1000,6686.447152
-50.0,1000,6693.369155
-40.95941,1000,6700.349155
42.394822,1000,6707.408153
-48.275862,1000,6714.348153
41.818182,1000,6721.401156
-52.205882,1000,6728.424155
4.868914,1000,6735.482167
-39.393939,1000,6742.655155
-27.672956,1000,6749.674539
-11.47541,1000,6756.843539
-51.428571,1000,6764.028054
3.942652,1000,6771.063054
1.694915,1000,6778.17309
14.09396,1000,6785.209088
-45.098039,1000,6792.095093
-0.369004,1000,6799.293088
54.362416,1000,6807.017091
72.307692,1000,6814.162087
-16.184971,1000,6821.376087
225.581395,1000,6828.528088
30.563798,1000,6835.546092
15.537849,1000,6842.590604
-8.284024,1000,6849.590601
34.275618,1000,6856.778114
3.092784,1000,6863.722114
11.111111,1000,6870.407112
-2.684564,1000,6877.412685
34.831461,1000,6884.120685
19.298246,1000,6890.892685
193.918919,1000,6897.805279
78.694158,1000,6904.783279
-3.010033,1000,6911.860277
268.02974,1000,6918.781278
18.243243,1000,6925.930794
9.433962,1000,6933.073844
7.638889,1000,6940.013843
-89.051095,1000,6947.081845
-8.163265,1000,6954.188841
-1.360544,1000,6961.15984
32.867133,1000,6968.207846
-12.650602,1000,6975.323842
0.0,1000,6982.487902
253.503185,1000,6989.514903
10.726644,1000,6996.534904
-47.761194,1000,7003.440904
-12.772586,1000,7010.782423
13.793103,1000,7017.809944
-54.861111,1000,7024.753942
2.836879,1000,7031.746944
